<?xml version="1.0" encoding="utf-8"?>
<lfm status="ok">
<toptags artist="CU">
    <tag>
    <name>indie</name> 
    <count>100</count>
    <url>http://www.last.fm/tag/indie</url>
</tag>    <tag>
    <name>chuck norris does not approve</name> 
    <count>100</count>
    <url>http://www.last.fm/tag/chuck%20norris%20does%20not%20approve</url>
</tag>    <tag>
    <name>worse than having someone shit on your face</name> 
    <count>100</count>
    <url>http://www.last.fm/tag/worse%20than%20having%20someone%20shit%20on%20your%20face</url>
</tag></toptags></lfm>
